Patient_ID,Age,Gender,BMI,Glucose_mg_dL,HbA1c
1,59,Other,40.7,171,9.1
2,30,Male,26.1,84,10.9
3,29,Female,27.8,87,6.2
4,25,Other,37.7,101,11.1
5,25,Male,31.4,171,4.8
6,,Female,24.2,106,8.3
7,41,Male,19.6,216,9.0
8,26,Other,31.1,228,5.9
9,72,Female,36.4,189,8.6
10,56,Male,23.2,116,9.4
11,56,Other,unknown,157,9.6
12,27,Male,20.0,177,5.7
13,80,Female,27.5,89,9.9
14,61,Male,34.4,222,8.0
15,29,Male,40.6,191,9.4
16,57,Other,33.2,184,6.5
17,62,Male,17.6,188,7.0
18,81,Female,18.5,143,5.4
19,68,Female,39.9,197,5.1
20,53,Other,39.1,180,10.5
21,71,Male,41.7,-15,11.2
22,40,Other,20.8,238,6.1
23,41,Female,23.6,71,5.5
24,58,Other,40.8,201,11.2
25,24,Female,28.4,213,7.2
26,31,Male,29.0,172,4.9
27,74,Male,21.1,157,8.7
28,37,Male,30.4,163,8.8
29,66,Female,20.7,134,11.2
30,78,Female,20.1,194,11.5
31,79,Other,24.8,106,25.0
32,51,Other,29.0,111,8.1
33,64,Female,20.7,209,10.9
34,29,Female,34.4,136,8.1
35,46,Other,30.3,198,6.8
36,42,Male,37.2,172,9.7
37,84,Female,29.3,77,11.4
38,51,Other,21.8,224,11.2
39,62,Male,40.9,163,5.1
40,78,Male,21.9,122,7.9
41,79,Mle,39.7,158,10.1
42,33,Female,39.7,121,7.8
43,60,Male,19.2,171,7.7
44,38,Female,21.3,102,4.7
45,36,Female,32.3,222,11.4
46,37,Other,30.7,103,4.6
47,31,Male,30.2,105,7.5
48,21,Female,23.3,144,8.0
49,51,Female,30.6,103,4.9
50,76,Male,33.6,202,7.4
51,Thirty,Other,30.1,74,10.6
52,18,Other,36.4,108,5.7
53,33,Other,30.9,153,9.3
54,79,Male,36.6,97,10.7
55,42,Male,23.9,95,8.1
56,26,Other,28.1,226,11.3
57,43,Other,34.3,185,8.1
58,49,Female,34.5,136,11.0
59,35,Other,27.4,170,7.6
60,48,Male,27.7,124,9.2
61,64,Other,,105,11.3
62,30,Male,27.0,194,5.6
63,38,Male,34.7,201,7.3
64,63,Female,25.0,163,4.6
65,74,Female,34.6,168,6.8
66,83,Male,41.0,98,11.4
67,28,Female,23.6,80,10.8
68,34,Other,37.5,136,7.3
69,81,Male,34.5,92,6.5
70,72,Male,39.4,138,11.1
71,51,Female,19.1,one hundred,5.0
72,19,Other,25.5,211,7.4
73,34,Female,18.1,131,11.1
74,24,Male,21.5,149,8.9
75,55,Female,28.1,115,6.4
76,22,Other,17.4,199,8.4
77,78,Female,23.1,184,5.2
78,81,Other,30.6,170,11.3
79,45,Other,41.6,157,5.9
80,35,Male,27.1,158,11.4
81,27,Male,32.6,135,
82,66,Female,38.8,142,8.7
83,23,Female,28.5,110,6.4
84,64,Female,41.0,210,6.8
85,45,Female,25.9,70,6.8
86,53,Male,29.6,121,6.2
87,51,Female,37.4,106,7.3
88,20,Other,24.5,231,6.1
89,37,Other,33.4,222,7.2
90,81,Other,20.7,228,9.0
91,150,Other,32.7,199,5.5
92,20,Other,37.7,219,10.1
93,47,Male,19.1,80,5.4
94,66,Other,37.9,212,4.9
95,49,Other,29.2,70,7.7
96,82,Other,39.4,93,9.1
97,78,Other,23.3,89,10.4
98,44,Female,22.8,236,11.3
99,27,Other,29.0,143,9.9
100,43,Other,18.9,107,6.8
101,56,Female,99.9,104,4.6
102,52,Female,41.3,95,9.3
103,55,Male,34.7,143,7.8
104,43,Female,24.8,91,11.1
105,76,Female,18.9,199,11.3
106,67,Male,22.2,123,5.0
107,85,Other,23.5,162,5.4
108,53,Female,39.2,163,6.1
109,21,Female,21.0,195,9.3
110,36,Male,27.4,166,6.7
111,59,Other,35.8,600,5.3
112,19,Female,39.5,144,6.3
113,67,Female,42.0,220,5.0
114,24,Other,24.0,83,10.3
115,37,Male,23.2,138,7.6
116,65,Female,36.6,179,10.7
117,44,Female,35.0,82,11.0
118,35,Male,33.1,143,7.9
119,39,Other,28.8,157,6.5
120,51,Other,27.2,131,6.6
121,68,,20.0,234,5.6
122,81,Female,30.8,185,10.8
123,35,Other,30.7,132,5.1
124,29,Male,25.0,164,6.3
125,20,Other,35.7,175,7.2
126,44,Female,26.4,156,9.8
127,64,Male,20.1,198,8.2
128,52,Female,39.4,168,7.3
129,57,Other,38.2,75,5.4
130,78,Other,41.2,195,4.5
131,-5,Male,41.3,133,10.0
132,37,Other,30.1,97,11.1
133,76,Male,19.1,80,4.5
134,22,Female,33.1,147,11.2
135,85,Other,32.9,98,5.2
136,42,Male,26.7,127,10.0
137,56,Male,41.9,141,11.2
138,78,Other,30.2,210,6.2
139,57,Other,18.4,119,8.0
140,71,Male,19.0,128,9.2
141,81,Other,17.9,156,six
142,68,Male,22.0,144,9.7
143,44,Male,29.4,121,6.7
144,77,Female,22.5,145,5.3
145,41,Male,39.4,194,7.4
146,36,Male,40.0,83,6.0
147,71,Other,18.3,85,5.8
148,58,Male,35.3,90,11.0
149,41,Female,33.3,204,9.7
150,66,Male,38.0,154,7.6
,28,Other,24.0,159,7.4
152,44,Male,26.5,149,10.3
153,24,Male,34.6,120,7.1
154,59,Male,26.1,191,4.7
155,69,Female,18.0,78,7.7
156,42,Female,35.7,225,6.9
157,23,Male,23.6,151,11.0
158,26,Female,17.6,129,5.3
159,67,Female,36.7,180,10.2
160,41,Other,17.2,147,10.3
161,48,Male,25.2,151,7.7
162,83,Other,21.9,110,6.2
163,22,Male,29.0,209,6.8
164,27,Female,23.6,91,6.0
165,75,Other,21.3,104,7.4
166,48,Female,35.7,240,9.8
167,53,Male,31.2,165,6.3
168,74,Other,23.2,132,6.1
169,42,Other,25.2,171,6.3
170,85,Male,22.8,95,9.1
171,18,Male,28.9,129,10.4
172,55,Male,22.8,82,5.8
173,27,Other,26.3,115,7.6
174,18,Male,19.6,222,9.5
175,22,Male,26.2,106,4.8
176,44,Male,37.4,153,7.4
177,57,Female,18.9,78,10.1
178,26,Other,27.2,171,9.1
179,29,Female,33.3,171,9.4
180,57,Female,27.4,83,6.7
181,71,Other,27.4,163,9.0
182,69,Female,22.1,71,7.5
183,32,Female,37.5,173,8.5
184,38,Female,20.2,83,8.4
185,29,Male,31.3,164,9.7
186,62,Male,24.1,203,5.7
187,67,Female,29.3,120,6.6
188,58,Other,18.3,232,7.2
189,38,Male,33.0,126,8.8
190,78,Male,21.6,125,4.8
191,67,Male,26.0,108,6.2
192,23,Male,39.1,79,9.2
193,67,Other,32.0,210,10.4
194,71,Female,24.7,133,7.5
195,75,Female,29.6,115,4.7
196,77,Male,22.9,228,10.0
197,78,Female,27.0,87,5.4
198,29,Male,37.1,199,8.1
199,34,Male,19.1,150,9.9
200,24,Male,35.8,166,9.1
